id,county
0,muranga
1,bungoma
2,bungoma
3,muranga
4,bungoma
5,bungoma
6,bungoma
7,muranga
8,muranga
9,muranga
10,muranga
11,muranga
12,bungoma
13,bungoma
14,muranga
15,muranga
16,bungoma
17,muranga
18,bungoma
19,bungoma
20,muranga
21,muranga
22,bungoma
23,muranga
24,muranga
25,bungoma
26,muranga
27,muranga
28,muranga
29,bungoma
30,bungoma
31,bungoma
32,bungoma
33,muranga
34,bungoma
35,bungoma
36,bungoma
37,bungoma
38,bungoma
39,muranga
40,bungoma
41,bungoma
42,muranga
43,muranga
44,muranga
45,muranga
46,muranga
47,bungoma
48,bungoma
49,bungoma
50,bungoma
51,bungoma
52,muranga
53,bungoma
54,muranga
55,muranga
56,bungoma
57,muranga
58,muranga
59,bungoma
60,muranga
61,muranga
62,bungoma
63,bungoma
64,muranga
65,bungoma
66,muranga
67,muranga
68,muranga
69,muranga
70,bungoma
71,bungoma
72,bungoma
73,muranga
74,bungoma
75,bungoma
76,bungoma
77,muranga
78,bungoma
79,muranga
80,bungoma
81,muranga
82,muranga
83,bungoma
84,bungoma
85,muranga
86,bungoma
87,bungoma
88,muranga
89,bungoma
90,muranga
91,bungoma
92,muranga
93,bungoma
94,muranga
95,muranga
96,muranga
97,muranga
98,muranga
99,muranga
100,bungoma
101,bungoma
102,muranga
103,bungoma
104,bungoma
105,muranga
106,bungoma
107,muranga
108,muranga
109,muranga
110,muranga
111,bungoma
112,muranga
113,bungoma
114,muranga
115,bungoma
116,bungoma
117,bungoma
118,muranga
119,muranga
120,muranga
121,muranga
122,muranga
123,muranga
124,muranga
125,muranga
126,muranga
127,bungoma
128,bungoma
129,bungoma
130,bungoma
131,muranga
132,bungoma
133,bungoma
134,bungoma
135,bungoma
136,muranga
137,muranga
138,muranga
139,muranga
140,bungoma
141,muranga
142,bungoma
143,bungoma
144,bungoma
145,muranga
146,muranga
147,bungoma
148,bungoma
149,bungoma
150,muranga
151,muranga
152,muranga
153,bungoma
154,muranga
155,bungoma
156,muranga
157,muranga
158,bungoma
159,bungoma
160,bungoma
161,muranga
162,muranga
163,muranga
164,muranga
165,bungoma
166,muranga
167,bungoma
168,muranga
169,muranga
170,bungoma
171,bungoma
172,bungoma
173,bungoma
174,bungoma
175,muranga
176,muranga
177,muranga
178,muranga
179,bungoma
180,bungoma
181,muranga
182,bungoma
183,bungoma
184,bungoma
185,muranga
186,muranga
187,bungoma
188,muranga
189,bungoma
190,muranga
191,bungoma
192,muranga
193,muranga
194,bungoma
195,muranga
196,muranga
197,bungoma
198,bungoma
199,muranga
200,bungoma
201,muranga
202,bungoma
203,muranga
204,muranga
205,muranga
206,muranga
207,muranga
208,muranga
209,bungoma
210,bungoma
211,bungoma
212,bungoma
213,muranga
214,bungoma
215,muranga
216,muranga
217,bungoma
218,bungoma
219,bungoma
220,muranga
221,muranga
222,muranga
223,bungoma
224,bungoma
225,muranga
226,bungoma
227,muranga
228,bungoma
229,muranga
230,bungoma
231,muranga
232,bungoma
233,muranga
234,muranga
235,bungoma
236,muranga
237,muranga
238,muranga
239,bungoma
240,bungoma
241,bungoma
242,bungoma
243,bungoma
244,bungoma
245,bungoma
246,muranga
247,bungoma
248,muranga
249,muranga
250,muranga
251,muranga
252,muranga
253,bungoma
254,bungoma
255,muranga
256,bungoma
257,muranga
258,muranga
259,muranga
260,bungoma
261,bungoma
262,bungoma
263,bungoma
264,muranga
265,muranga
266,bungoma
267,bungoma
268,bungoma
269,bungoma
270,bungoma
271,bungoma
272,bungoma
273,muranga
274,muranga
275,bungoma
276,bungoma
277,muranga
278,bungoma
279,bungoma
280,bungoma
281,muranga
282,muranga
283,muranga
284,bungoma
285,bungoma
286,bungoma
287,bungoma
288,bungoma
289,muranga
290,muranga
291,bungoma
292,muranga
293,muranga
294,muranga
295,bungoma
296,muranga
297,bungoma
298,bungoma
299,muranga
300,bungoma
301,muranga
302,bungoma
303,muranga
304,muranga
305,bungoma
306,bungoma
307,bungoma
308,bungoma
309,muranga
310,muranga
311,bungoma
312,muranga
313,muranga
314,bungoma
315,bungoma
316,muranga
317,muranga
318,muranga
319,muranga
320,bungoma
321,bungoma
322,bungoma
323,bungoma
324,muranga
325,bungoma
326,bungoma
327,bungoma
328,muranga
329,muranga
330,bungoma
331,muranga
332,bungoma
333,bungoma
334,muranga
335,muranga
336,muranga
337,bungoma
338,muranga
339,bungoma
340,muranga
341,bungoma
342,bungoma
343,bungoma
344,bungoma
345,bungoma
346,muranga
347,muranga
348,muranga
349,bungoma
350,bungoma
351,bungoma
352,bungoma
353,bungoma
354,bungoma
355,bungoma
356,muranga
357,bungoma
358,muranga
359,bungoma
360,muranga
361,muranga
362,bungoma
363,bungoma
364,bungoma
365,muranga
366,muranga
367,muranga
368,muranga
369,bungoma
370,bungoma
371,muranga
372,muranga
373,bungoma
374,muranga
375,muranga
376,muranga
377,bungoma
378,muranga
379,muranga
380,bungoma
381,muranga
382,bungoma
383,muranga
384,muranga
385,muranga
386,muranga
387,bungoma
388,bungoma
389,muranga
390,muranga
391,bungoma
392,bungoma
393,bungoma
394,muranga
395,bungoma
396,muranga
397,muranga
398,muranga
399,bungoma
400,muranga
401,bungoma
402,bungoma
403,muranga
404,bungoma
405,bungoma
406,bungoma
407,bungoma
408,muranga
409,bungoma
410,muranga
411,muranga
412,bungoma
413,bungoma
414,muranga
415,bungoma
416,muranga
417,bungoma
418,bungoma
419,muranga
420,muranga
421,bungoma
422,bungoma
423,bungoma
424,bungoma
425,bungoma
426,bungoma
427,muranga
428,muranga
429,bungoma
430,muranga
431,muranga
432,muranga
433,muranga
434,muranga
435,muranga
436,muranga
437,bungoma
438,bungoma
439,muranga
440,bungoma
441,bungoma
442,muranga
443,muranga
444,muranga
445,muranga
446,bungoma
447,muranga
448,muranga
449,bungoma
450,muranga
451,bungoma
452,bungoma
453,bungoma
454,muranga
455,muranga
456,bungoma
457,bungoma
458,muranga
459,muranga
460,muranga
461,muranga
462,bungoma
463,muranga
464,muranga
465,bungoma
466,muranga
467,bungoma
468,bungoma
469,muranga
470,bungoma
471,muranga
472,bungoma
473,muranga
474,bungoma
475,bungoma
476,muranga
477,bungoma
478,bungoma
479,muranga
480,muranga
481,muranga
482,muranga
483,muranga
484,muranga
485,bungoma
486,bungoma
487,muranga
488,muranga
489,bungoma
490,bungoma
491,bungoma
492,muranga
493,bungoma
494,bungoma
495,muranga
496,muranga
497,muranga
498,bungoma
499,bungoma
500,bungoma
501,muranga
502,muranga
503,bungoma
504,bungoma
505,muranga
506,muranga
507,bungoma
508,muranga
509,bungoma
510,bungoma
511,muranga
512,bungoma
513,bungoma
514,muranga
515,muranga
516,muranga
517,bungoma
518,bungoma
519,bungoma
520,muranga
521,muranga
522,bungoma
523,muranga
524,bungoma
525,bungoma
526,bungoma
527,muranga
528,muranga
529,bungoma
530,muranga
531,muranga
532,muranga
533,muranga
534,bungoma
535,muranga
536,bungoma
537,bungoma
538,muranga
539,bungoma
540,muranga
541,muranga
542,muranga
543,muranga
544,muranga
545,muranga
546,muranga
547,bungoma
548,muranga
549,bungoma
550,muranga
551,bungoma
552,bungoma
553,bungoma
554,muranga
555,bungoma
556,muranga
557,muranga
558,muranga
559,bungoma
560,bungoma
561,muranga
562,muranga
563,bungoma
564,muranga
565,bungoma
566,muranga
567,bungoma
568,bungoma
569,bungoma
570,muranga
571,bungoma
572,muranga
573,bungoma
574,bungoma
575,bungoma
576,muranga
577,bungoma
578,bungoma
579,bungoma
580,bungoma
581,bungoma
582,muranga
583,muranga
584,bungoma
585,muranga
586,bungoma
587,bungoma
588,muranga
589,bungoma
590,muranga
591,bungoma
592,muranga
593,bungoma
594,bungoma
595,muranga
596,bungoma
597,muranga
598,bungoma
599,bungoma
600,muranga
601,muranga
602,bungoma
603,bungoma
604,muranga
605,bungoma
606,muranga
607,muranga
608,bungoma
609,bungoma
610,muranga
611,bungoma
612,muranga
613,bungoma
614,bungoma
615,muranga
616,bungoma
617,bungoma
618,bungoma
619,bungoma
620,bungoma
621,bungoma
622,muranga
623,muranga
624,muranga
625,bungoma
626,muranga
627,bungoma
628,bungoma
629,bungoma
630,muranga
631,muranga
632,muranga
633,muranga
634,bungoma
635,bungoma
636,muranga
637,muranga
638,muranga
639,bungoma
640,bungoma
641,muranga
642,bungoma
643,muranga
644,muranga
645,muranga
646,muranga
647,muranga
648,muranga
649,muranga
650,bungoma
651,bungoma
652,muranga
653,muranga
654,bungoma
655,muranga
656,muranga
657,muranga
658,muranga
659,bungoma
660,muranga
661,muranga
662,muranga
663,bungoma
664,muranga
665,bungoma
666,bungoma
667,muranga
668,muranga
669,muranga
670,bungoma
671,muranga
672,muranga
673,bungoma
674,muranga
675,bungoma
676,muranga
677,bungoma
678,bungoma
679,muranga
680,bungoma
681,muranga
682,bungoma
683,muranga
684,muranga
685,muranga
686,bungoma
687,muranga
688,bungoma
689,muranga
690,muranga
691,muranga
692,muranga
693,bungoma
694,bungoma
695,bungoma
696,muranga
697,bungoma
698,bungoma
699,bungoma
700,muranga
701,muranga
702,bungoma
703,bungoma
704,muranga
705,bungoma
706,muranga
707,muranga
708,muranga
709,muranga
710,bungoma
711,bungoma
712,bungoma
713,muranga
714,muranga
715,bungoma
716,bungoma
717,bungoma
718,bungoma
719,bungoma
720,muranga
721,bungoma
722,bungoma
723,muranga
724,bungoma
725,bungoma
726,bungoma
727,bungoma
728,muranga
729,muranga
730,muranga
731,bungoma
732,muranga
733,muranga
734,bungoma
735,bungoma
736,bungoma
737,bungoma
738,muranga
739,bungoma
740,bungoma
741,bungoma
742,bungoma
743,muranga
744,bungoma
745,bungoma
746,bungoma
747,bungoma
748,muranga
749,muranga
750,muranga
751,bungoma
752,muranga
753,bungoma
754,muranga
755,muranga
756,muranga
757,muranga
758,bungoma
759,muranga
760,muranga
761,bungoma
762,muranga
763,bungoma
764,muranga
765,bungoma
766,bungoma
767,bungoma
768,bungoma
769,bungoma
770,bungoma
771,muranga
772,muranga
773,muranga
774,muranga
775,muranga
776,muranga
777,muranga
778,muranga
779,bungoma
780,muranga
781,bungoma
782,bungoma
783,bungoma
784,bungoma
785,muranga
786,bungoma
787,bungoma
788,bungoma
789,bungoma
790,muranga
791,muranga
792,muranga
793,bungoma
794,bungoma
795,bungoma
796,muranga
797,muranga
798,muranga
799,muranga
