id,lat,lon,stratum,stratum_label,in_pilot,county
0,-0.760156744392739,36.851705847010756,0,Non-cropland,False,muranga
1,0.6669503045603383,34.52082211150123,0,Non-cropland,False,bungoma
2,0.9600372206568236,34.501313402456134,0,Non-cropland,False,bungoma
3,-1.002631841862806,37.38781660458934,0,Non-cropland,False,muranga
4,0.6166700112060607,34.511212121360956,1,Cropland,False,bungoma
5,0.5672897702519285,34.425156274501475,1,Cropland,False,bungoma
6,0.8761210575857593,34.60570839065135,1,Cropland,False,bungoma
7,-0.6304818098056061,36.979186537552714,1,Cropland,False,muranga
8,-0.7879570588481972,37.02777261668087,1,Cropland,False,muranga
9,-0.8270308810449285,36.94941942582796,1,Cropland,False,muranga
10,-0.9451608678738677,37.06659017915657,1,Cropland,False,muranga
11,-0.6289472981666178,36.96224374708359,1,Cropland,False,muranga
12,0.545866577392121,34.69213275718424,0,Non-cropland,False,bungoma
13,0.7551237876231773,34.60283686867515,1,Cropland,False,bungoma
14,-0.6666683119427008,37.1909279231376,1,Cropland,False,muranga
15,-0.7156723725007085,37.05914938446096,0,Non-cropland,False,muranga
16,0.643621774352764,34.601132735448964,1,Cropland,False,bungoma
17,-1.0050823529573853,37.07116252258583,0,Non-cropland,False,muranga
18,0.7159670442159877,34.82131215378505,1,Cropland,False,bungoma
19,0.6542940690022532,34.73426351521279,1,Cropland,False,bungoma
20,-0.7121528387543259,37.04390955023081,0,Non-cropland,False,muranga
21,-0.757083699646377,36.774519723553865,0,Non-cropland,False,muranga
22,0.6925458243696213,34.628710237584436,1,Cropland,False,bungoma
23,-0.7493301592456235,36.90890115664566,0,Non-cropland,False,muranga
24,-0.945612083259535,37.0673073902501,0,Non-cropland,False,muranga
25,0.687115969133975,34.50914303220326,1,Cropland,False,bungoma
26,-0.9929880059180373,37.179104175312524,0,Non-cropland,False,muranga
27,-0.79003199405577,36.982679784843974,1,Cropland,False,muranga
28,-0.7998690941690497,37.10675235199515,1,Cropland,False,muranga
29,0.9316473424932976,34.69788054524735,0,Non-cropland,False,bungoma
30,1.007971395352824,34.67955289274329,0,Non-cropland,False,bungoma
31,0.794191555591766,34.73255730947395,1,Cropland,False,bungoma
32,0.8154350078271477,34.455235781630236,0,Non-cropland,False,bungoma
33,-0.7015923707877267,36.933824411565844,0,Non-cropland,False,muranga
34,0.531659600175715,34.422014098614135,1,Cropland,False,bungoma
35,0.6739993081159589,34.43467240957299,1,Cropland,False,bungoma
36,0.8736799566696035,34.629065970597836,0,Non-cropland,False,bungoma
37,0.9191662362915778,34.599688054610134,0,Non-cropland,False,bungoma
38,1.0538162888411688,34.53616607714715,0,Non-cropland,False,bungoma
39,-0.7306495886604201,36.90289550264669,0,Non-cropland,False,muranga
40,1.025423566309914,34.614059142212014,0,Non-cropland,False,bungoma
41,0.48581092165576084,34.423274032293946,1,Cropland,False,bungoma
42,-0.9371273639248872,36.94430600596925,1,Cropland,False,muranga
43,-0.8947145558119479,37.01020022180026,1,Cropland,False,muranga
44,-0.7106187062091956,37.04462672564683,1,Cropland,False,muranga
45,-0.7577245564133768,37.1615262715592,1,Cropland,False,muranga
46,-0.8717899334233855,36.905041553757556,0,Non-cropland,False,muranga
47,0.762984955067396,34.45595766883987,1,Cropland,False,bungoma
48,0.6055512278972124,34.66311706993006,0,Non-cropland,False,bungoma
49,0.7213036126727419,34.667427855915825,1,Cropland,False,bungoma
50,0.6273433062294369,34.573105661410075,1,Cropland,False,bungoma
51,0.7065600518887584,34.886530729700524,1,Cropland,False,bungoma
52,-0.7483403930671432,37.083085057434886,1,Cropland,False,muranga
53,0.7930048845704595,34.40771444181402,0,Non-cropland,False,bungoma
54,-0.8490461731875882,36.85197018043828,0,Non-cropland,False,muranga
55,-0.7054685229132724,36.83503431574918,0,Non-cropland,False,muranga
56,0.5500254758134726,34.61739403509045,1,Cropland,False,bungoma
57,-0.8162870603205822,36.83592484686731,0,Non-cropland,False,muranga
58,-0.6107112198978975,36.80124297068316,0,Non-cropland,False,muranga
59,0.8154346596730278,34.44966598188485,0,Non-cropland,False,bungoma
60,-0.8495902478697737,36.90800088262135,0,Non-cropland,False,muranga
61,-1.0584063004728554,37.333491282789595,0,Non-cropland,False,muranga
62,0.7845148422295198,34.784032484497246,1,Cropland,False,bungoma
63,1.0931555569755242,34.574257063240445,0,Non-cropland,False,bungoma
64,-0.7825316485238926,36.76680826378374,0,Non-cropland,False,muranga
65,0.5636811237190592,34.64308529130309,1,Cropland,False,bungoma
66,-0.6761336986727067,36.746734818483844,0,Non-cropland,False,muranga
67,-0.6677527996004637,37.00796200238022,1,Cropland,False,muranga
68,-0.7869608303770403,36.89114952291419,0,Non-cropland,False,muranga
69,-0.9734946688685185,37.20330960047134,0,Non-cropland,False,muranga
70,1.0152906565615423,34.49924377233361,0,Non-cropland,False,bungoma
71,0.6324081017221455,34.594754944890305,1,Cropland,False,bungoma
72,0.9698980232711845,34.591690821174296,0,Non-cropland,False,bungoma
73,-0.8235117378025099,37.16565165632227,1,Cropland,False,muranga
74,0.8870641670709402,34.64900946824272,0,Non-cropland,False,bungoma
75,0.9075924818348307,34.68126073399465,0,Non-cropland,False,bungoma
76,0.7918399671185139,34.77235408977371,1,Cropland,False,bungoma
77,-1.0107614644545668,37.27987485160183,0,Non-cropland,False,muranga
78,0.6494944554800393,34.46863037985269,1,Cropland,False,bungoma
79,-0.804198025183629,36.90970596332938,0,Non-cropland,False,muranga
80,0.8609275165492016,34.570582807949734,1,Cropland,False,bungoma
81,-0.7176574203759174,37.01360910339995,1,Cropland,False,muranga
82,-0.7792938181290971,37.08434026323438,1,Cropland,False,muranga
83,0.6955243682932052,34.47545531044506,1,Cropland,False,bungoma
84,0.5461372082644519,34.63257539435,1,Cropland,False,bungoma
85,-0.8254080775611792,37.03924729539943,1,Cropland,False,muranga
86,0.8416671744113473,34.62583256128361,0,Non-cropland,False,bungoma
87,0.9748706580224508,34.5600673048575,0,Non-cropland,False,bungoma
88,-0.7070992622868436,37.06336275548564,1,Cropland,False,muranga
89,0.5630443745745747,34.51642437385765,1,Cropland,False,bungoma
90,-0.8257667576668145,36.926738373827675,0,Non-cropland,False,muranga
91,0.8129992192290717,34.84619894734134,1,Cropland,False,bungoma
92,-0.7168445761013714,37.1525607314425,0,Non-cropland,False,muranga
93,0.9491870734665063,34.53428475816937,0,Non-cropland,False,bungoma
94,-0.9269278303763699,37.23728551204862,1,Cropland,False,muranga
95,-0.9304439039314972,37.30102762056246,1,Cropland,False,muranga
96,-1.01717475732295,37.10209289300158,0,Non-cropland,False,muranga
97,-1.0358396516906914,37.40539195403686,1,Cropland,False,muranga
98,-0.7254121844469905,36.833867886059096,0,Non-cropland,False,muranga
99,-0.8140365304062368,36.975507447193614,0,Non-cropland,False,muranga
100,0.9682684453776569,34.54236932024258,0,Non-cropland,False,bungoma
101,0.7426451963493618,34.64892189009974,0,Non-cropland,False,bungoma
102,-0.7729726545545064,37.24749851076156,1,Cropland,False,muranga
103,0.7192147829764072,34.4326035130624,1,Cropland,False,bungoma
104,0.6097105668327095,34.62898117429361,1,Cropland,False,bungoma
105,-0.8467957852959954,37.07071395910311,1,Cropland,False,muranga
106,0.5302142146939796,34.44698694344032,1,Cropland,False,bungoma
107,-1.0349525288224186,37.114375643557395,0,Non-cropland,False,muranga
108,-0.6969015967615999,37.101462222475554,1,Cropland,False,muranga
109,-0.9392935800508353,36.95721571191275,1,Cropland,False,muranga
110,-0.7722548429251795,37.08496776018091,0,Non-cropland,False,muranga
111,0.5038075508876407,34.43566963985791,1,Cropland,False,bungoma
112,-0.8573524603543999,36.94538433005741,1,Cropland,False,muranga
113,0.7351395179199663,34.76813113574269,1,Cropland,False,bungoma
114,-1.0058012262951468,37.21595195816682,0,Non-cropland,False,muranga
115,1.0880895867690905,34.53113309304226,0,Non-cropland,False,bungoma
116,0.8693400273666777,34.68674107574651,0,Non-cropland,False,bungoma
117,0.8573061190161864,34.47984827188696,0,Non-cropland,False,bungoma
118,-0.7491523026660373,37.11517863891824,1,Cropland,False,muranga
119,-0.6442889735202354,36.975690148127626,1,Cropland,False,muranga
120,-0.9492206894892601,36.97111139680443,1,Cropland,False,muranga
121,-0.8570798853608619,37.23262054061169,1,Cropland,False,muranga
122,-0.7781195766947168,37.15919590789863,1,Cropland,False,muranga
123,-0.8467054857573446,37.085954287100876,1,Cropland,False,muranga
124,-0.8706188494819054,37.15839126187678,1,Cropland,False,muranga
125,-0.775049589820711,37.21522550041498,1,Cropland,False,muranga
126,-0.7749620751816589,37.09491863603997,1,Cropland,False,muranga
127,0.4767716313758273,34.49423956671949,0,Non-cropland,False,bungoma
128,0.8328056649577121,34.67757808443046,1,Cropland,False,bungoma
129,0.626531282151414,34.6572778146793,1,Cropland,False,bungoma
130,0.7512361462463731,34.77989957703832,1,Cropland,False,bungoma
131,-0.8391251163935664,37.05861135542079,1,Cropland,False,muranga
132,0.8647247413255807,34.546865852436305,1,Cropland,False,bungoma
133,0.49774853147742604,34.43387333734497,1,Cropland,False,bungoma
134,0.5271434433926613,34.52594763177448,1,Cropland,False,bungoma
135,0.7275407387463063,34.55576482200435,1,Cropland,False,bungoma
136,-0.8902024977135196,37.10944283811965,0,Non-cropland,False,muranga
137,-1.0272719313929897,37.34075072313302,1,Cropland,False,muranga
138,-0.8184577026480836,36.94673021787755,0,Non-cropland,False,muranga
139,-0.5809383210071954,36.98725530471958,1,Cropland,False,muranga
140,0.7977083783899563,35.00358941832803,1,Cropland,False,bungoma
141,-0.8615954255198468,37.108008107822705,1,Cropland,False,muranga
142,1.0006448912829524,34.5976191878453,0,Non-cropland,False,bungoma
143,0.8056754855835686,34.80029298736948,0,Non-cropland,False,bungoma
144,0.6106992814574759,34.466386505481644,1,Cropland,False,bungoma
145,-0.8122319424402838,37.13857760268666,1,Cropland,False,muranga
146,-0.7193717837689074,36.99567983162683,1,Cropland,False,muranga
147,0.8924848037953602,34.49673555060443,0,Non-cropland,False,bungoma
148,0.530760791420969,34.52801360013368,1,Cropland,False,bungoma
149,0.8985435690252104,34.49430960062572,0,Non-cropland,False,bungoma
150,-0.7276722678560442,36.921900669027806,1,Cropland,False,muranga
151,-0.8699835583714041,36.87133336728446,0,Non-cropland,False,muranga
152,-0.9001241074167449,37.26857223374991,1,Cropland,False,muranga
153,0.9928643198461782,34.51137349035986,0,Non-cropland,False,bungoma
154,-1.04243281321626,37.33994508310852,1,Cropland,False,muranga
155,0.931824945608054,34.55054628551518,0,Non-cropland,False,bungoma
156,-0.6776777698867273,37.198010216993914,0,Non-cropland,False,muranga
157,-0.7769445035303991,36.907286494448705,0,Non-cropland,False,muranga
158,0.7586432873306224,34.44041659652199,1,Cropland,False,bungoma
159,0.7499678264483666,34.55872854412656,0,Non-cropland,False,bungoma
160,0.7369435280798865,34.50698478612424,1,Cropland,False,bungoma
161,-0.6639626846325959,37.01647833868466,1,Cropland,False,muranga
162,-0.7249545351720654,36.739021777112356,0,Non-cropland,False,muranga
163,-0.8026646137823517,37.19783478296241,1,Cropland,False,muranga
164,-0.8915552683523451,36.9694094936537,1,Cropland,False,muranga
165,0.7971622919863287,35.05039351379709,1,Cropland,False,bungoma
166,-0.6586346572838866,36.882458953493625,0,Non-cropland,False,muranga
167,0.4521781451429882,34.609131410485766,1,Cropland,False,bungoma
168,-0.7390393969703277,36.84301114668173,0,Non-cropland,False,muranga
169,-0.6627798049648821,36.77524297891809,0,Non-cropland,False,muranga
170,0.9297483073450784,34.71890261688619,0,Non-cropland,False,bungoma
171,0.8079365835273062,34.78367354040276,1,Cropland,False,bungoma
172,0.7033046588210511,34.54336870801636,1,Cropland,False,bungoma
173,1.0786881738898506,34.63265481289335,0,Non-cropland,False,bungoma
174,0.6211007469773442,34.502498285060256,1,Cropland,False,bungoma
175,-0.9830629141921818,37.091334240368596,0,Non-cropland,False,muranga
176,-0.7579038764527144,37.201598525667485,1,Cropland,False,muranga
177,-0.8690793868024054,36.838700938847424,0,Non-cropland,False,muranga
178,-0.6687408722312524,36.86022650940602,0,Non-cropland,False,muranga
179,0.7866749708700428,35.01508752631707,1,Cropland,False,bungoma
180,0.7838739074911818,34.98103991987651,1,Cropland,False,bungoma
181,-0.8670060512831136,36.8820914648213,0,Non-cropland,False,muranga
182,0.8299112345479894,34.63283999205349,1,Cropland,False,bungoma
183,0.9954905145520521,34.605255719765985,0,Non-cropland,False,bungoma
184,0.7194047747480551,34.699767843508035,0,Non-cropland,False,bungoma
185,-0.7246966406935159,37.04113045696812,1,Cropland,False,muranga
186,-0.9933506147707004,37.03288085826671,0,Non-cropland,False,muranga
187,0.8700581722883665,34.50293553175394,0,Non-cropland,False,bungoma
188,-0.8494109624524189,36.94206755389797,1,Cropland,False,muranga
189,0.9357167026899094,34.68718980334866,0,Non-cropland,False,bungoma
190,-0.6355356273249335,36.989137005507196,1,Cropland,False,muranga
191,0.8100083408166044,34.44265916991172,1,Cropland,False,bungoma
192,-0.7859697824563113,36.93435976491402,0,Non-cropland,False,muranga
193,-0.743461439283162,36.84543138823589,0,Non-cropland,False,muranga
194,0.6234513810165487,34.49055058520405,1,Cropland,False,bungoma
195,-0.9915444284835607,37.1683458220936,0,Non-cropland,False,muranga
196,-0.9580654553813105,37.02561938306452,1,Cropland,False,muranga
197,0.7749184192249168,35.02209379701842,1,Cropland,False,bungoma
198,0.9848158512153935,34.50984667999605,0,Non-cropland,False,bungoma
199,-0.8962487789713799,37.017103261649524,1,Cropland,False,muranga
200,0.6715600828746506,34.4756361917901,1,Cropland,False,bungoma
201,-0.7739686873202255,36.98187327035965,1,Cropland,False,muranga
202,0.8401202896133745,34.41876077588985,0,Non-cropland,False,bungoma
203,-0.7962595853006961,37.05421866486243,1,Cropland,False,muranga
204,-0.6784896502635012,37.207243727714875,1,Cropland,False,muranga
205,-0.6541144592479036,36.747453469257415,0,Non-cropland,False,muranga
206,-0.8923676680559899,36.97855378134365,1,Cropland,False,muranga
207,-0.7837996581888801,36.83754031094855,0,Non-cropland,False,muranga
208,-0.6050322428398296,36.941177871307936,1,Cropland,False,muranga
209,0.6340310542389976,34.47518887402505,1,Cropland,False,bungoma
210,0.6803288816646293,34.42523959654688,0,Non-cropland,False,bungoma
211,0.8611107685645635,34.68683096751717,0,Non-cropland,False,bungoma
212,0.48247002074690853,34.52136778886383,1,Cropland,False,bungoma
213,-0.9919959492733037,37.15669100434202,0,Non-cropland,False,muranga
214,0.5980432412276554,34.565201339792694,0,Non-cropland,False,bungoma
215,-0.8325288201327112,36.80373997984223,0,Non-cropland,False,muranga
216,-0.7655629880799717,36.72861960738319,0,Non-cropland,False,muranga
217,0.8553228412029725,34.65574770111969,0,Non-cropland,False,bungoma
218,0.6381068672461252,34.70551730418966,1,Cropland,False,bungoma
219,1.0198175641691307,34.650354729477954,0,Non-cropland,False,bungoma
220,-0.5946553748322063,36.9899444165346,1,Cropland,False,muranga
221,-0.8416503110093055,37.17676858556348,0,Non-cropland,False,muranga
222,-0.7287551208146825,37.20751426757952,1,Cropland,False,muranga
223,0.9097598241963661,34.55378139424289,0,Non-cropland,False,bungoma
224,0.7600084435163039,34.738396368914565,1,Cropland,False,bungoma
225,-1.0233114154852165,37.08792773513392,0,Non-cropland,False,muranga
226,1.0392594748125716,34.60974638802871,0,Non-cropland,False,bungoma
227,-1.0154592525552035,37.1537330822719,0,Non-cropland,False,muranga
228,0.6589954942380346,34.80990215559074,1,Cropland,False,bungoma
229,-0.7766748384526346,36.93758736290906,0,Non-cropland,False,muranga
230,0.5339202654862458,34.420127546527674,1,Cropland,False,bungoma
231,-0.8880354902701203,37.16959794094275,0,Non-cropland,False,muranga
232,1.0366374413256156,34.62978092394083,0,Non-cropland,False,bungoma
233,-0.7104330227090871,36.85628021980001,0,Non-cropland,False,muranga
234,-0.989920148827699,37.1647596734401,0,Non-cropland,False,muranga
235,0.8848940003217852,34.764180306024706,1,Cropland,False,bungoma
236,-0.7414812975702731,36.99083856560093,0,Non-cropland,False,muranga
237,-0.6403190672414932,37.09581414879675,1,Cropland,False,muranga
238,-0.6091817851100102,36.89330775607343,1,Cropland,False,muranga
239,0.8751204814272086,34.469695655917896,0,Non-cropland,False,bungoma
240,0.9299291716457023,34.70866109842951,0,Non-cropland,False,bungoma
241,0.5650299687411687,34.44105642653659,1,Cropland,False,bungoma
242,0.9270330023584944,34.57516207752641,0,Non-cropland,False,bungoma
243,0.5996719093383462,34.595564192967494,1,Cropland,False,bungoma
244,0.5288644607413501,34.61721474211144,1,Cropland,False,bungoma
245,0.9043368043024814,34.66625793626863,0,Non-cropland,False,bungoma
246,-0.8631284308607976,36.959817708720195,0,Non-cropland,False,muranga
247,0.5059832713614264,34.547687082277,1,Cropland,False,bungoma
248,-0.586434230301805,36.77695070930444,0,Non-cropland,False,muranga
249,-0.8274835727535287,37.02660683612627,1,Cropland,False,muranga
250,-0.6827265516942593,36.822664350686885,0,Non-cropland,False,muranga
251,-0.9817093562951148,37.07250725668454,0,Non-cropland,False,muranga
252,-0.9827019419323249,37.03628773907591,0,Non-cropland,False,muranga
253,0.51158906464328,34.522534617958144,1,Cropland,False,bungoma
254,0.6900105702694909,34.89955586047855,1,Cropland,False,bungoma
255,-0.7519426270345441,36.81647494408865,0,Non-cropland,False,muranga
256,0.7488831253272425,34.85401248888487,1,Cropland,False,bungoma
257,-0.9620305261100051,37.274313421966866,0,Non-cropland,False,muranga
258,-0.7202738958760088,36.97855737669348,1,Cropland,False,muranga
259,-0.7302871780324942,36.86981592805788,1,Cropland,False,muranga
260,0.8002480818633121,34.57067477886415,0,Non-cropland,False,bungoma
261,0.776544024412708,34.37618362771179,1,Cropland,False,bungoma
262,0.6278870942820631,34.61838074897122,1,Cropland,False,bungoma
263,0.5539144470831874,34.63940237817823,1,Cropland,False,bungoma
264,-0.7598009466110498,37.00796085060106,1,Cropland,False,muranga
265,-0.9445288918578573,37.10962281147412,1,Cropland,False,muranga
266,0.9207907958055206,34.516318575360636,0,Non-cropland,False,bungoma
267,0.9864439917036589,34.51730325848763,0,Non-cropland,False,bungoma
268,0.5683818082715376,34.56879539892887,0,Non-cropland,False,bungoma
269,0.6969773232018901,34.77684445591354,1,Cropland,False,bungoma
270,0.7078284594602807,34.811070992756214,1,Cropland,False,bungoma
271,0.9528981933785536,34.645684316329394,0,Non-cropland,False,bungoma
272,1.042873655112955,34.52700288325968,0,Non-cropland,False,bungoma
273,-0.9900116613430846,37.03906690809197,0,Non-cropland,False,muranga
274,-0.9885669902212743,37.14440852691995,0,Non-cropland,False,muranga
275,0.8999029432049451,34.55728546131518,0,Non-cropland,False,bungoma
276,0.8952932903319673,34.64092399392695,0,Non-cropland,False,bungoma
277,-0.6048527478918454,36.98250380780312,0,Non-cropland,False,muranga
278,0.5879971907224164,34.404673651896104,0,Non-cropland,False,bungoma
279,0.7703940011397213,35.05910534655796,1,Cropland,False,bungoma
280,0.838316061081702,34.48892281196949,0,Non-cropland,False,bungoma
281,-0.6500652604753845,37.02140894735382,1,Cropland,False,muranga
282,-0.6419433812934336,37.02391907225689,1,Cropland,False,muranga
283,-0.6975324966097055,36.974075517060065,1,Cropland,False,muranga
284,0.9171780330764855,34.66338297375764,0,Non-cropland,False,bungoma
285,0.7414686097317102,34.824995953172035,1,Cropland,False,bungoma
286,0.8585783853528939,34.76974980826704,0,Non-cropland,False,bungoma
287,0.49304862011368455,34.4796865980636,0,Non-cropland,False,bungoma
288,0.7654226967747569,35.02829169478525,0,Non-cropland,False,bungoma
289,-0.7977930279646762,36.98877569076476,1,Cropland,False,muranga
290,-0.716568732223201,36.840591822872526,0,Non-cropland,False,muranga
291,0.9471955485323534,34.49340836501113,0,Non-cropland,False,bungoma
292,-0.8238733779101121,37.135081527341164,1,Cropland,False,muranga
293,-0.6454525573114156,36.76699668271012,0,Non-cropland,False,muranga
294,-1.005172584953726,37.051976811514294,0,Non-cropland,False,muranga
295,0.5563494471440544,34.45641788169685,1,Cropland,False,bungoma
296,-0.8504029585410928,37.20572550545489,1,Cropland,False,muranga
297,0.9226900786187855,34.52099004295879,0,Non-cropland,False,bungoma
298,1.0598747237755601,34.52610353046462,0,Non-cropland,False,bungoma
299,-0.6057434239799074,36.737506076703205,0,Non-cropland,False,muranga
300,0.8535138246084163,34.63257001070491,0,Non-cropland,False,bungoma
301,-0.8324464225690228,37.13821938416836,1,Cropland,False,muranga
302,0.8243042456926672,34.62116149214845,0,Non-cropland,False,bungoma
303,-0.7374195777498428,36.95596608832525,0,Non-cropland,False,muranga
304,-0.7740590260764343,36.98671422859394,1,Cropland,False,muranga
305,0.9774910450158316,34.512452435130605,0,Non-cropland,False,bungoma
306,0.48988690448814953,34.56161107985192,1,Cropland,False,bungoma
307,1.0012789720106157,34.64244917307673,0,Non-cropland,False,bungoma
308,0.7517768364296764,34.85679743496064,1,Cropland,False,bungoma
309,-0.8695368672612974,37.02337905533303,0,Non-cropland,False,muranga
310,-0.9995719407216858,37.26884684778466,0,Non-cropland,False,muranga
311,0.7850568130949311,34.8143067599087,1,Cropland,False,bungoma
312,-0.8670984561962298,37.190575345882976,1,Cropland,False,muranga
313,-0.6613437061404169,36.92862612599196,1,Cropland,False,muranga
314,0.9785807531691505,34.64721109984509,0,Non-cropland,False,bungoma
315,0.5936130509333352,34.59772027381193,0,Non-cropland,False,bungoma
316,-0.6366179889342625,37.16510944901934,0,Non-cropland,False,muranga
317,-0.6287672748034265,36.983758438083385,1,Cropland,False,muranga
318,-0.7837143224629407,37.17228458941869,1,Cropland,False,muranga
319,-0.9285556069813898,37.126656287519616,0,Non-cropland,False,muranga
320,0.8999052710886221,34.7867296376148,1,Cropland,False,bungoma
321,0.9358071639279124,34.73417509071974,0,Non-cropland,False,bungoma
322,0.8538762853249701,34.73435431449955,0,Non-cropland,False,bungoma
323,0.7039324326857207,34.44077927678635,1,Cropland,False,bungoma
324,-0.8486908981501948,37.06542466946137,1,Cropland,False,muranga
325,0.5462200177975802,34.43746415680645,0,Non-cropland,False,bungoma
326,0.8682547809100789,34.67757776685061,0,Non-cropland,False,bungoma
327,0.668122622803223,34.456681715181155,1,Cropland,False,bungoma
328,-0.640397334814849,36.745033960058436,0,Non-cropland,False,muranga
329,-0.6853444961931098,36.838531512885254,0,Non-cropland,False,muranga
330,0.9697188860762834,34.680900839800906,0,Non-cropland,False,bungoma
331,-0.9433477312138834,37.31546235170087,0,Non-cropland,False,muranga
332,0.9342658934300764,34.53410580806773,0,Non-cropland,False,bungoma
333,0.7729323497828344,34.455328231672375,0,Non-cropland,False,bungoma
334,-0.7884956191332563,37.220425559412845,1,Cropland,False,muranga
335,-0.8197136726720166,36.79405876079341,0,Non-cropland,False,muranga
336,-0.6864243230327,36.78752299371721,0,Non-cropland,False,muranga
337,0.6637875725812107,34.84080453227557,1,Cropland,False,bungoma
338,-0.9593290467229801,37.05798362851987,0,Non-cropland,False,muranga
339,0.7604566352653442,34.528004883941804,1,Cropland,False,bungoma
340,-0.6591799561585026,37.092497407823814,1,Cropland,False,muranga
341,0.6267075922624573,34.50456417640053,1,Cropland,False,bungoma
342,0.7287128545511915,34.47922658682726,0,Non-cropland,False,bungoma
343,0.9378871383270269,34.70785254591481,0,Non-cropland,False,bungoma
344,0.9037001149945729,34.5343767808378,0,Non-cropland,False,bungoma
345,0.7685921773406208,34.962353389661246,0,Non-cropland,False,bungoma
346,-0.7110577967292209,36.74762885086892,0,Non-cropland,False,muranga
347,-0.6350850631762118,37.0726858021188,1,Cropland,False,muranga
348,-0.8722421242033418,36.93121923284714,1,Cropland,False,muranga
349,0.7301611135948675,34.92084806326381,1,Cropland,False,bungoma
350,0.838042838027487,34.97071229720267,1,Cropland,False,bungoma
351,0.8718638217778408,34.451279329270946,1,Cropland,False,bungoma
352,0.8431149921638298,34.70506776691886,1,Cropland,False,bungoma
353,0.7978079449849917,34.62574366286562,0,Non-cropland,False,bungoma
354,0.7614477584632374,34.96828204163558,1,Cropland,False,bungoma
355,0.9037941051635573,34.76894193276489,1,Cropland,False,bungoma
356,-0.9023823668447005,36.90557817667359,0,Non-cropland,False,muranga
357,0.7310704544031662,34.71315299639358,1,Cropland,False,bungoma
358,-0.84580154419678,36.95246695134388,1,Cropland,False,muranga
359,0.7818907384151227,34.5774129955987,0,Non-cropland,False,bungoma
360,-1.0231308772404624,37.03261163067199,1,Cropland,False,muranga
361,-0.8349737161060423,37.02239327611491,1,Cropland,False,muranga
362,0.5613303768734721,34.68871914378982,0,Non-cropland,False,bungoma
363,0.9488272724611505,34.58432477917431,0,Non-cropland,False,bungoma
364,0.6900142719437227,34.763728789531235,1,Cropland,False,bungoma
365,-0.7578129932710672,37.21925900449263,1,Cropland,False,muranga
366,-0.9531005738441519,37.17757879700044,1,Cropland,False,muranga
367,-0.8618645794236269,36.94412910126384,0,Non-cropland,False,muranga
368,-0.674787091710506,36.85870227149511,0,Non-cropland,False,muranga
369,0.86825492276267,34.72357401979632,0,Non-cropland,False,bungoma
370,0.7611818427370266,34.85248570582383,1,Cropland,False,bungoma
371,-0.9068063553753183,36.969140159287804,0,Non-cropland,False,muranga
372,-0.7487911049113432,36.99693442945222,1,Cropland,False,muranga
373,0.6065375513163515,34.43431691122612,1,Cropland,False,bungoma
374,-1.0057988686850945,37.265978321200464,0,Non-cropland,False,muranga
375,-0.8822612848157501,37.03870903968861,1,Cropland,False,muranga
376,-0.8550073866226147,36.99890497833357,0,Non-cropland,False,muranga
377,0.6948014624776896,34.485606470231495,1,Cropland,False,bungoma
378,-0.8942633762146855,37.11464259320556,1,Cropland,False,muranga
379,-0.8074418541487345,36.81279608085396,0,Non-cropland,False,muranga
380,0.687301374687003,34.666979032575334,1,Cropland,False,bungoma
381,-0.6383211946613764,36.737862494614596,0,Non-cropland,False,muranga
382,0.7395694016008789,34.59592006574808,1,Cropland,False,bungoma
383,-0.7697212182108109,36.828397027980635,0,Non-cropland,False,muranga
384,-0.8653787794690623,36.82776390343,0,Non-cropland,False,muranga
385,-1.005078565320651,37.23271702639253,1,Cropland,False,muranga
386,-0.5932117890274322,37.010741816627636,1,Cropland,False,muranga
387,0.8344335643407997,34.72590965915885,1,Cropland,False,bungoma
388,0.7974435672787324,34.88617499617188,1,Cropland,False,bungoma
389,-0.828836449107641,36.97721044606028,0,Non-cropland,False,muranga
390,-0.7829927366197978,36.969501724538794,0,Non-cropland,False,muranga
391,0.6559218514838555,34.73084990551812,1,Cropland,False,bungoma
392,1.01665003358143,34.56159276871609,0,Non-cropland,False,bungoma
393,0.6132259380746713,34.38266339616776,1,Cropland,False,bungoma
394,-1.0064352226491537,37.14064352032579,1,Cropland,False,muranga
395,0.8489874535458763,34.9280408136164,1,Cropland,False,bungoma
396,-0.7985151494840754,37.128716079044565,1,Cropland,False,muranga
397,-0.709716314305803,37.05834257612322,0,Non-cropland,False,muranga
398,-0.9722296142703284,37.242666821216105,0,Non-cropland,False,muranga
399,0.9896078726850643,34.49412448956279,0,Non-cropland,False,bungoma
400,-0.7055636663401162,37.173358380970775,0,Non-cropland,False,muranga
401,0.6126914024694123,34.519656428946796,1,Cropland,False,bungoma
402,0.8860698819457687,34.732378077824116,1,Cropland,False,bungoma
403,-0.7346231879612922,37.01638795384099,0,Non-cropland,False,muranga
404,0.7254558084753914,34.45281568682423,0,Non-cropland,False,bungoma
405,0.765885352823543,34.611999685581544,0,Non-cropland,False,bungoma
406,0.5036334496859954,34.59314087199285,1,Cropland,False,bungoma
407,0.9532603613167198,34.68117050224977,0,Non-cropland,False,bungoma
408,-0.8622269137714188,37.003476975237106,1,Cropland,False,muranga
409,0.7264566074739668,34.83900959112591,1,Cropland,False,bungoma
410,-0.8034718135730518,36.82337481582678,0,Non-cropland,False,muranga
411,-0.9515594538349836,37.32129028576424,1,Cropland,False,muranga
412,1.006430096547226,34.53347332972368,0,Non-cropland,False,bungoma
413,0.9368871285667876,34.507513579954214,0,Non-cropland,False,bungoma
414,-0.7959874385703574,37.170671248800964,0,Non-cropland,False,muranga
415,0.9055988536604387,34.52727953555904,0,Non-cropland,False,bungoma
416,-0.7142251999959307,36.89966883573205,0,Non-cropland,False,muranga
417,0.7061112979487353,34.688359094375265,1,Cropland,False,bungoma
418,0.7298024497762711,34.583433466770686,0,Non-cropland,False,bungoma
419,-1.0058042497169049,37.043190827737654,0,Non-cropland,False,muranga
420,-0.8486903251741689,37.130958116919466,1,Cropland,False,muranga
421,0.6337610108222667,34.499712964719365,1,Cropland,False,bungoma
422,0.6630561725951959,34.42003036342998,1,Cropland,False,bungoma
423,1.0885414320373255,34.52466443715686,0,Non-cropland,False,bungoma
424,0.8682546676793967,34.760137448256906,1,Cropland,False,bungoma
425,1.0513756240644245,34.55925535934828,0,Non-cropland,False,bungoma
426,0.7195836520055522,34.58181676279049,1,Cropland,False,bungoma
427,-0.7303789746474765,36.9058538490678,0,Non-cropland,False,muranga
428,-0.7565424331462576,36.777209179134886,0,Non-cropland,False,muranga
429,0.8092007079600746,34.85805706836897,1,Cropland,False,bungoma
430,-0.802485181440916,36.966005006460385,0,Non-cropland,False,muranga
431,-0.8080804924502408,37.151486859234666,0,Non-cropland,False,muranga
432,-0.6984297713403422,36.838889450705516,0,Non-cropland,False,muranga
433,-0.7690932442747748,36.90459736543658,0,Non-cropland,False,muranga
434,-0.7346230550800534,37.00607859828569,1,Cropland,False,muranga
435,-0.9899121800618961,37.32909285944772,0,Non-cropland,False,muranga
436,-0.7337167152014585,36.87618068948487,0,Non-cropland,False,muranga
437,0.7724832959114872,34.51255284037693,1,Cropland,False,bungoma
438,0.46420448765594513,34.56798958087359,1,Cropland,False,bungoma
439,-0.8590653097438058,36.89670468527242,0,Non-cropland,False,muranga
440,0.6127839509882734,34.576878982199936,1,Cropland,False,bungoma
441,0.7967199832410528,34.53707663585461,1,Cropland,False,bungoma
442,-0.8769364559408575,37.12997245974801,1,Cropland,False,muranga
443,-0.7157626144479458,37.06945869474318,0,Non-cropland,False,muranga
444,-0.7360576775376699,36.782947937850366,0,Non-cropland,False,muranga
445,-0.5958217596956771,36.81235962177075,0,Non-cropland,False,muranga
446,0.7888548010091864,34.81960709875526,1,Cropland,False,bungoma
447,-0.7041201579909835,37.157849591363515,0,Non-cropland,False,muranga
448,-0.8562708174299859,37.00051864331109,0,Non-cropland,False,muranga
449,0.8202287407838734,34.95660698280994,1,Cropland,False,bungoma
450,-1.00156281416571,37.04247363092824,0,Non-cropland,False,muranga
451,0.8931229348037933,34.640834197888175,0,Non-cropland,False,bungoma
452,0.8880565218838302,34.559531867974805,1,Cropland,False,bungoma
453,0.9734230877720846,34.54362682168832,0,Non-cropland,False,bungoma
454,-0.8748599041323198,37.1727353140967,1,Cropland,False,muranga
455,-0.9332438230430148,37.25862278596028,1,Cropland,False,muranga
456,0.9223306286444101,34.57686916910653,0,Non-cropland,False,bungoma
457,0.7730300017741225,34.78699682714879,1,Cropland,False,bungoma
458,-0.8206238147443143,37.17103048942017,1,Cropland,False,muranga
459,-0.6660332916640219,36.85448932501833,0,Non-cropland,False,muranga
460,-0.7582583270370634,36.7958557053326,0,Non-cropland,False,muranga
461,-0.6911179131691266,36.802134997608995,0,Non-cropland,False,muranga
462,0.48590004558726574,34.40297257066965,0,Non-cropland,False,bungoma
463,-0.8091587701846803,36.852420536716245,0,Non-cropland,False,muranga
464,-0.6951808660546083,36.83611058751028,0,Non-cropland,False,muranga
465,0.7968133119900851,34.631313445522075,1,Cropland,False,bungoma
466,-0.9285545282287876,36.953092081239795,1,Cropland,False,muranga
467,0.6806932878070857,34.469167778889464,1,Cropland,False,bungoma
468,0.8502589667414795,34.744146421810335,1,Cropland,False,bungoma
469,-0.7416611572481322,36.96170337469876,1,Cropland,False,muranga
470,0.47876494208182563,34.60221411716328,1,Cropland,False,bungoma
471,-0.8412884573827548,37.20420114480232,1,Cropland,False,muranga
472,0.9574139541671867,34.48747839287165,0,Non-cropland,False,bungoma
473,-0.7681914681499011,37.20536404715379,1,Cropland,False,muranga
474,0.6504041242824685,34.825802239663005,1,Cropland,False,bungoma
475,0.819687499755344,34.93235135922337,1,Cropland,False,bungoma
476,-0.7209921380849084,36.869905983514485,0,Non-cropland,False,muranga
477,0.8534131037417977,35.01545179508103,1,Cropland,False,bungoma
478,0.5227160962698717,34.70309207092346,1,Cropland,False,bungoma
479,-0.7028548397983592,37.22060174658388,0,Non-cropland,False,muranga
480,-1.0208615839449913,37.379839155812796,0,Non-cropland,False,muranga
481,-0.9708801733077236,37.056011266250934,0,Non-cropland,False,muranga
482,-0.7444552301958015,37.26022714066115,1,Cropland,False,muranga
483,-0.7991464864859322,37.14825934130556,1,Cropland,False,muranga
484,-0.6931980645068089,37.239247743463366,0,Non-cropland,False,muranga
485,0.9435779064950853,34.4864011877875,0,Non-cropland,False,bungoma
486,0.8187769565697902,35.029373724335265,1,Cropland,False,bungoma
487,-1.041894893996648,37.28722846358824,0,Non-cropland,False,muranga
488,-0.9853172534094173,37.18179349348643,0,Non-cropland,False,muranga
489,0.4646576642542414,34.605807531230646,1,Cropland,False,bungoma
490,0.9167197531043899,34.48523493785606,0,Non-cropland,False,bungoma
491,0.9006279809236665,34.606336566487556,0,Non-cropland,False,bungoma
492,-0.8080788260545778,36.91893958128801,0,Non-cropland,False,muranga
493,0.830269000039186,34.91159987639453,1,Cropland,False,bungoma
494,0.787318452274,34.76822163230048,1,Cropland,False,bungoma
495,-0.9173647336750059,37.16126125591189,1,Cropland,False,muranga
496,-0.8890290756846275,37.12791072023694,1,Cropland,False,muranga
497,-0.7982429814634762,37.18913878583284,1,Cropland,False,muranga
498,0.7978081339442754,34.79112966419419,1,Cropland,False,bungoma
499,0.9947683997830756,34.68000221715817,0,Non-cropland,False,bungoma
500,0.953073403557646,34.49017382097968,0,Non-cropland,False,bungoma
501,-0.7711715617947237,37.00571951750704,0,Non-cropland,False,muranga
502,-0.7379617901795241,37.13785910669346,1,Cropland,False,muranga
503,0.6216483293819212,34.716027602766765,1,Cropland,False,bungoma
504,0.8098288026000935,34.46395016116001,0,Non-cropland,False,bungoma
505,-0.8159326167203454,37.065066062675825,1,Cropland,False,muranga
506,-0.8161045466468673,36.80293420751792,0,Non-cropland,False,muranga
507,0.8189672002719868,34.565733186228435,0,Non-cropland,False,bungoma
508,-0.7633187855412973,36.935615523535034,1,Cropland,False,muranga
509,0.7607304914019232,34.825265948032516,0,Non-cropland,False,bungoma
510,0.8428437004443129,34.71998051927157,0,Non-cropland,False,bungoma
511,-0.7950859191985851,36.999533482702276,0,Non-cropland,False,muranga
512,1.0107739502573214,34.626098113779825,0,Non-cropland,False,bungoma
513,0.5707248542175493,34.40530347963481,1,Cropland,False,bungoma
514,-0.7867840382091744,37.07654095380323,1,Cropland,False,muranga
515,-0.7351645360370931,37.119929741900364,1,Cropland,False,muranga
516,-0.6220898493522168,37.02562247831139,1,Cropland,False,muranga
517,0.9785780687339828,34.55305969079263,0,Non-cropland,False,bungoma
518,0.4932248082714958,34.40018746802135,1,Cropland,False,bungoma
519,0.7944515985430814,34.40519895320777,0,Non-cropland,False,bungoma
520,-0.7224405297760006,37.09115311108965,1,Cropland,False,muranga
521,-0.6802018109216982,36.86130175451638,0,Non-cropland,False,muranga
522,0.9493713014919889,34.64191116990125,0,Non-cropland,False,bungoma
523,-0.8237825127111073,36.96367363165811,1,Cropland,False,muranga
524,0.6893812208245224,34.660151729627145,1,Cropland,False,bungoma
525,0.7495133511467098,34.922106648143725,1,Cropland,False,bungoma
526,0.7011329452716198,34.511657739325095,1,Cropland,False,bungoma
527,-0.6588054612673064,36.72656577115905,0,Non-cropland,False,muranga
528,-0.7431056998233746,36.99218323957262,1,Cropland,False,muranga
529,0.6230921681097282,34.5481326239573,1,Cropland,False,bungoma
530,-0.6821013583282165,36.99899727756949,1,Cropland,False,muranga
531,-0.8603312245219814,37.154356790328755,1,Cropland,False,muranga
532,-0.6303919969396633,37.004376657581204,1,Cropland,False,muranga
533,-0.7409401579388667,37.11589571487503,1,Cropland,False,muranga
534,0.7399294565663169,34.88069282212357,1,Cropland,False,bungoma
535,-0.8026615880818011,36.85851694758994,0,Non-cropland,False,muranga
536,1.011312879768812,34.52260243319605,0,Non-cropland,False,bungoma
537,0.8683356757684955,34.99523967592241,1,Cropland,False,bungoma
538,-0.733258108956249,36.7547990132623,0,Non-cropland,False,muranga
539,0.8196021667231778,34.638859164526544,1,Cropland,False,bungoma
540,-0.7500491221020654,36.84426564344325,0,Non-cropland,False,muranga
541,-0.8050955080438611,36.812347983854345,0,Non-cropland,False,muranga
542,-0.7821701537868148,36.75981575583952,0,Non-cropland,False,muranga
543,-0.5968142597460385,36.8094013157226,0,Non-cropland,False,muranga
544,-0.6611643256208417,37.15883481032108,0,Non-cropland,False,muranga
545,-0.7393150069022443,36.96887516505724,1,Cropland,False,muranga
546,-0.8167447579893505,37.083264670857105,1,Cropland,False,muranga
547,0.8832665507670958,34.709379848926616,0,Non-cropland,False,bungoma
548,-0.7403945834353877,37.254041326938236,1,Cropland,False,muranga
549,0.5450501106360814,34.55828589308198,0,Non-cropland,False,bungoma
550,-0.9920872348546159,37.09142396408279,0,Non-cropland,False,muranga
551,0.7512366677802403,34.714859839874,1,Cropland,False,bungoma
552,1.0853765646871363,34.529516087537395,0,Non-cropland,False,bungoma
553,0.7327879698099854,34.78969115273403,1,Cropland,False,bungoma
554,-0.7793831821248447,36.9772114933864,1,Cropland,False,muranga
555,1.0545410589729094,34.567879963268915,0,Non-cropland,False,bungoma
556,-0.6629686457200678,36.94718263498031,0,Non-cropland,False,muranga
557,-0.756364639618848,36.81817798607069,0,Non-cropland,False,muranga
558,-0.6880572762683981,36.990570503116004,1,Cropland,False,muranga
559,0.6649639624841309,34.81035143704076,1,Cropland,False,bungoma
560,0.639463341505439,34.70614612407374,1,Cropland,False,bungoma
561,-0.9386632278984801,37.09545785149452,0,Non-cropland,False,muranga
562,-0.9458822915320082,37.000517132020285,1,Cropland,False,muranga
563,0.657815488524135,34.49423214718041,1,Cropland,False,bungoma
564,-0.725147610912869,37.01351937213655,0,Non-cropland,False,muranga
565,0.6493111331341938,34.42775676648301,0,Non-cropland,False,bungoma
566,-0.812763979837825,36.77989476344333,0,Non-cropland,False,muranga
567,0.6161310582889965,34.621435236489894,1,Cropland,False,bungoma
568,0.6760808061464422,34.460633919951945,1,Cropland,False,bungoma
569,0.5249695385276959,34.453095631740105,1,Cropland,False,bungoma
570,-0.8417377504383907,36.87698264776107,1,Cropland,False,muranga
571,1.0573425777035075,34.524756053086875,0,Non-cropland,False,bungoma
572,-0.5716345688611236,36.78035799448844,0,Non-cropland,False,muranga
573,0.6936308176788977,34.61972694152794,1,Cropland,False,bungoma
574,0.7824354439953105,34.68889767029077,1,Cropland,False,bungoma
575,0.733873604154194,34.75717142816207,1,Cropland,False,bungoma
576,-1.000298095845259,37.165477197320484,1,Cropland,False,muranga
577,0.8057663570699639,34.65080747632024,1,Cropland,False,bungoma
578,0.8132715058524115,34.61631063763348,0,Non-cropland,False,bungoma
579,0.5185545892180903,34.589637200971445,1,Cropland,False,bungoma
580,0.6747267762674735,34.50707742254817,1,Cropland,False,bungoma
581,0.6333054924993813,34.43871718649964,1,Cropland,False,bungoma
582,-0.8584360183633862,36.968962062005026,1,Cropland,False,muranga
583,-0.8064564470836557,37.13481227604354,1,Cropland,False,muranga
584,0.5955914500559021,34.37727465725358,1,Cropland,False,bungoma
585,-0.8356032532398702,36.926558738325156,0,Non-cropland,False,muranga
586,0.6163098038810759,34.54804301540201,0,Non-cropland,False,bungoma
587,0.6570920510742635,34.49450167667872,1,Cropland,False,bungoma
588,-0.6554791525337939,36.97586923145651,0,Non-cropland,False,muranga
589,0.5212661667772307,34.54615953310901,1,Cropland,False,bungoma
590,-0.6534035158796121,37.153545599941765,1,Cropland,False,muranga
591,0.6068085055623821,34.4289270123466,1,Cropland,False,bungoma
592,-0.8174616887843887,36.86317792074868,0,Non-cropland,False,muranga
593,0.6713816068167962,34.52459489449166,1,Cropland,False,bungoma
594,0.5952417164042412,34.64047977351851,1,Cropland,False,bungoma
595,-0.605651348039629,36.71446745327922,0,Non-cropland,False,muranga
596,0.7586441461332215,34.972324418526846,0,Non-cropland,False,bungoma
597,-0.9214198775958122,37.29654449080198,0,Non-cropland,False,muranga
598,0.7762757866148126,35.00951703440613,1,Cropland,False,bungoma
599,0.8480878010594184,34.8007430754558,1,Cropland,False,bungoma
600,-0.8709775050440426,37.22831796374205,1,Cropland,False,muranga
601,-0.8393927411231121,37.22042752795628,1,Cropland,False,muranga
602,0.8103787565199632,34.68925684832745,1,Cropland,False,bungoma
603,0.882533862558468,34.987963905613135,1,Cropland,False,bungoma
604,-0.812139806247251,36.920015215990595,0,Non-cropland,False,muranga
605,0.6195678044155357,34.78627572700464,1,Cropland,False,bungoma
606,-0.920343969096028,37.050811632847044,1,Cropland,False,muranga
607,-0.6188275598542007,36.7234309998422,0,Non-cropland,False,muranga
608,0.8581235904560437,34.55540057856038,0,Non-cropland,False,bungoma
609,0.5769750644508477,34.73534116045267,1,Cropland,False,bungoma
610,-1.02808404497829,37.34173698048647,0,Non-cropland,False,muranga
611,0.934631561114867,34.693478470947156,0,Non-cropland,False,bungoma
612,-0.7603411692861239,36.949241979353715,1,Cropland,False,muranga
613,0.45434627946395995,34.534753168697875,1,Cropland,False,bungoma
614,0.9169973297136402,34.678655364524595,0,Non-cropland,False,bungoma
615,-1.0158072774910396,37.38808680800588,0,Non-cropland,False,muranga
616,1.089989922848068,34.56033167397666,0,Non-cropland,False,bungoma
617,0.5011028514190309,34.68853974921849,1,Cropland,False,bungoma
618,0.5507497040303333,34.75932571000275,1,Cropland,False,bungoma
619,0.975053086241163,34.60822102976656,0,Non-cropland,False,bungoma
620,0.7228364511367396,34.91509838280114,1,Cropland,False,bungoma
621,0.8101862291781692,34.400077166823586,1,Cropland,False,bungoma
622,-0.6375154975764459,36.836471969243405,0,Non-cropland,False,muranga
623,-0.8559087364781651,37.17650004833161,1,Cropland,False,muranga
624,-0.7222586066729914,37.175599949979706,0,Non-cropland,False,muranga
625,0.6727321615700708,34.4177839520985,0,Non-cropland,False,bungoma
626,-0.6111702771566002,37.01423775061722,1,Cropland,False,muranga
627,0.9875339925507158,34.69850918367762,0,Non-cropland,False,bungoma
628,0.6632400711526885,34.46961783880265,1,Cropland,False,bungoma
629,0.7724803083624943,34.4572147845283,1,Cropland,False,bungoma
630,-0.6739718939785165,36.804825339207625,0,Non-cropland,False,muranga
631,-0.9703294681909428,37.32891207670098,1,Cropland,False,muranga
632,-0.9791821171417895,37.00607497745472,1,Cropland,False,muranga
633,-0.8878536567296177,36.91651608922262,1,Cropland,False,muranga
634,0.7687781839025484,34.57723374415298,0,Non-cropland,False,bungoma
635,0.6838636240115045,34.59520284162395,1,Cropland,False,bungoma
636,-1.0007386899264834,37.364327321534425,0,Non-cropland,False,muranga
637,-0.6644018963348959,36.743956604757514,0,Non-cropland,False,muranga
638,-0.7525681716392522,36.73050322211108,0,Non-cropland,False,muranga
639,0.7133453871503449,34.778910845407516,1,Cropland,False,bungoma
640,0.5369115603034313,34.5672691241159,1,Cropland,False,bungoma
641,-0.6252456825957002,36.90845712725308,0,Non-cropland,False,muranga
642,0.6549271212759696,34.70039685351749,1,Cropland,False,bungoma
643,-0.8636712684093124,37.0636316882527,1,Cropland,False,muranga
644,-0.9835119311576581,37.19568954703983,1,Cropland,False,muranga
645,-0.86240710666548,37.14081978346753,1,Cropland,False,muranga
646,-0.8905634619452114,37.11016004259568,1,Cropland,False,muranga
647,-0.6702650615865992,36.7114148266056,0,Non-cropland,False,muranga
648,-0.7240636747153089,36.95964191839325,1,Cropland,False,muranga
649,-0.8809064695125249,37.16242575736966,1,Cropland,False,muranga
650,0.542609281689943,34.58487567429213,1,Cropland,False,bungoma
651,0.5397166615578157,34.638594099359274,1,Cropland,False,bungoma
652,-0.6034998544271063,37.050991886281494,1,Cropland,False,muranga
653,-0.8681803779174392,36.90925523210755,0,Non-cropland,False,muranga
654,0.7581082986396578,34.61397621698801,0,Non-cropland,False,bungoma
655,-1.0382906821454316,37.1579474150688,1,Cropland,False,muranga
656,-0.966728887193699,37.03530169283339,0,Non-cropland,False,muranga
657,-0.6025852305137375,36.74162992394253,0,Non-cropland,False,muranga
658,-0.8482370223710349,37.20850454897956,1,Cropland,False,muranga
659,0.7730221081971587,34.981937582887966,1,Cropland,False,bungoma
660,-0.872062230936727,36.950045660276906,0,Non-cropland,False,muranga
661,-0.76178337354957,36.90020492641437,0,Non-cropland,False,muranga
662,-0.9672617190836539,37.32147072156109,1,Cropland,False,muranga
663,0.7691348452370075,34.46547975591214,1,Cropland,False,bungoma
664,-0.6821005107879348,36.95784997652132,0,Non-cropland,False,muranga
665,0.6231852015672401,34.64892352886298,1,Cropland,False,bungoma
666,0.5169283724347123,34.68234143669369,1,Cropland,False,bungoma
667,-1.006164534623671,37.13858149754202,1,Cropland,False,muranga
668,-0.6888596488835668,36.76959366274402,0,Non-cropland,False,muranga
669,-0.6623378837535038,37.1395611256485,0,Non-cropland,False,muranga
670,0.8320764353286102,34.49134872497852,1,Cropland,False,bungoma
671,-0.8936319726344611,37.08012730204671,1,Cropland,False,muranga
672,-0.7837146758606882,36.969232765338745,1,Cropland,False,muranga
673,0.669481469476685,34.50105887821014,0,Non-cropland,False,bungoma
674,-0.6895017368805266,37.089539288628174,1,Cropland,False,muranga
675,0.5898040057476849,34.37934115028529,1,Cropland,False,bungoma
676,-1.007968822321325,37.163415405378146,0,Non-cropland,False,muranga
677,0.8153406163843405,35.02883444606169,0,Non-cropland,False,bungoma
678,0.9706170604542641,34.48990322182088,0,Non-cropland,False,bungoma
679,-0.6354338720338762,36.74377925795715,0,Non-cropland,False,muranga
680,0.7885812937226635,34.886264465771916,1,Cropland,False,bungoma
681,-0.6173973058161951,37.04166884389445,1,Cropland,False,muranga
682,0.7675941894574111,35.01248097326697,1,Cropland,False,bungoma
683,-0.942724202053636,37.036019093539075,0,Non-cropland,False,muranga
684,-0.8659263191754571,37.15355007598529,1,Cropland,False,muranga
685,-0.6720757045816735,36.78797207930953,0,Non-cropland,False,muranga
686,0.8916766725531143,34.70830179684036,0,Non-cropland,False,bungoma
687,-0.8094275904341338,36.819071343800495,0,Non-cropland,False,muranga
688,0.5242488808539157,34.50834107233838,1,Cropland,False,bungoma
689,-0.9112250396005156,37.24795319717245,1,Cropland,False,muranga
690,-0.6936506398327127,37.20365836954183,0,Non-cropland,False,muranga
691,-0.6715433569423408,37.046150859751144,1,Cropland,False,muranga
692,-0.7742318943193316,36.8043712195241,0,Non-cropland,False,muranga
693,0.6983329915329644,34.818167586446464,0,Non-cropland,False,bungoma
694,0.7095432875240281,34.516598194103146,0,Non-cropland,False,bungoma
695,0.6345791520954336,34.62439934191982,0,Non-cropland,False,bungoma
696,-1.02655771196023,37.201518670975894,1,Cropland,False,muranga
697,0.6042853066917158,34.67542394193853,1,Cropland,False,bungoma
698,0.8031325842315652,34.399808193980085,1,Cropland,False,bungoma
699,0.763713362767812,34.868566112446416,1,Cropland,False,bungoma
700,-0.791736446332459,36.76707654970557,0,Non-cropland,False,muranga
701,-1.0194310007704657,37.07958995713359,0,Non-cropland,False,muranga
702,0.8499871579966357,34.64110450557021,0,Non-cropland,False,bungoma
703,0.5324774466341606,34.49306966639741,0,Non-cropland,False,bungoma
704,-0.6485308851899417,37.00222495700933,1,Cropland,False,muranga
705,0.9139165349854417,34.48793023807529,0,Non-cropland,False,bungoma
706,-0.8421933066011904,37.089181621651846,1,Cropland,False,muranga
707,-0.8477855604168483,36.9124834089149,0,Non-cropland,False,muranga
708,-0.8489610047008611,37.133826891342935,1,Cropland,False,muranga
709,-0.6950832203855769,36.727728530435314,0,Non-cropland,False,muranga
710,0.806663736973471,34.4643995282065,0,Non-cropland,False,bungoma
711,0.8288216293398672,34.92121222370675,1,Cropland,False,bungoma
712,0.6003041438437379,34.56870468720701,1,Cropland,False,bungoma
713,-0.691938257493374,37.03109030329244,1,Cropland,False,muranga
714,-0.8587055571193323,37.19918140625346,0,Non-cropland,False,muranga
715,0.9286570559656893,34.49197206138681,0,Non-cropland,False,bungoma
716,1.0756122668133787,34.58674579910971,0,Non-cropland,False,bungoma
717,0.7731175474840335,34.885994332301436,1,Cropland,False,bungoma
718,0.9091293252152344,34.78394485678346,1,Cropland,False,bungoma
719,0.8479978830359616,34.65475961123505,0,Non-cropland,False,bungoma
720,-0.6625184477981853,36.992363808990504,0,Non-cropland,False,muranga
721,0.7272666538563536,34.49243219816408,1,Cropland,False,bungoma
722,0.6121525231313787,34.779448445391324,1,Cropland,False,bungoma
723,-0.7960768239825723,36.9285323339821,0,Non-cropland,False,muranga
724,0.9172687579872895,34.723843664783566,0,Non-cropland,False,bungoma
725,0.736041657558926,34.86030043413342,1,Cropland,False,bungoma
726,0.703122041782967,34.503393010034145,0,Non-cropland,False,bungoma
727,0.7216645574229081,34.807118625282726,1,Cropland,False,bungoma
728,-0.6152192217275937,36.74109124044126,0,Non-cropland,False,muranga
729,-0.6292075399510014,36.74960658337743,0,Non-cropland,False,muranga
730,-1.0349525165475155,37.11527218004697,0,Non-cropland,False,muranga
731,0.5783311951083011,34.77315986661347,1,Cropland,False,bungoma
732,-0.5959124766517746,36.82051723202222,0,Non-cropland,False,muranga
733,-0.7292991098308039,37.061569824412,1,Cropland,False,muranga
734,0.9577815945066648,34.65206276475236,0,Non-cropland,False,bungoma
735,0.698603097899446,34.567264437778576,1,Cropland,False,bungoma
736,0.9972095599230144,34.64271877388041,0,Non-cropland,False,bungoma
737,0.9965717119247653,34.505713377755704,0,Non-cropland,False,bungoma
738,-0.7744097388142164,36.76618130602091,0,Non-cropland,False,muranga
739,0.8403089402659081,34.5641153644165,1,Cropland,False,bungoma
740,0.778992537997652,34.47751702952588,1,Cropland,False,bungoma
741,0.4760494978402616,34.5245120141807,1,Cropland,False,bungoma
742,1.0456810514028734,34.65484629535927,0,Non-cropland,False,bungoma
743,-1.0669781749830787,37.34962984190237,0,Non-cropland,False,muranga
744,0.8055847934179102,34.614424281519504,1,Cropland,False,bungoma
745,0.5344722304618384,34.70991912274029,1,Cropland,False,bungoma
746,0.779722410617919,34.67641069271701,1,Cropland,False,bungoma
747,0.5262421575793317,34.62817402312939,1,Cropland,False,bungoma
748,-0.9368524022434863,37.279959981238434,1,Cropland,False,muranga
749,-1.0151855123671747,37.238903595950745,1,Cropland,False,muranga
750,-0.6076510004321263,37.03906920776066,1,Cropland,False,muranga
751,0.6224619818032745,34.75869752316129,1,Cropland,False,bungoma
752,-0.7694554176601164,36.93866334748605,0,Non-cropland,False,muranga
753,0.8837129086851658,34.495568163634005,0,Non-cropland,False,bungoma
754,-0.8175450523009895,36.755689297455596,0,Non-cropland,False,muranga
755,-0.8217980380206495,37.11921371651821,1,Cropland,False,muranga
756,-0.8307324105802967,37.03682674975997,0,Non-cropland,False,muranga
757,-0.8186367169358203,36.904416157412946,0,Non-cropland,False,muranga
758,0.8443809897641553,34.73363557704004,1,Cropland,False,bungoma
759,-0.914293291220153,37.24822230141838,0,Non-cropland,False,muranga
760,-0.5982559550384657,36.774977869189016,0,Non-cropland,False,muranga
761,0.9100312303990225,34.55665618252264,0,Non-cropland,False,bungoma
762,-0.9673606722453597,37.05027355316009,1,Cropland,False,muranga
763,0.7680531354571758,34.89219269776499,1,Cropland,False,bungoma
764,-0.6478007136919691,36.794159011281366,0,Non-cropland,False,muranga
765,0.6235467059920321,34.6350894817233,1,Cropland,False,bungoma
766,0.7381230759800218,34.61927685477786,1,Cropland,False,bungoma
767,0.8846201374268396,34.5597116787557,0,Non-cropland,False,bungoma
768,0.8810888400453429,34.46798837991374,0,Non-cropland,False,bungoma
769,0.7656098566342331,34.92740764806767,1,Cropland,False,bungoma
770,0.5568991882017368,34.68261070497683,0,Non-cropland,False,bungoma
771,-1.035210439850196,37.37706122191117,0,Non-cropland,False,muranga
772,-0.5929330216289659,36.796672049878055,0,Non-cropland,False,muranga
773,-0.9308963166309836,37.280766488614155,0,Non-cropland,False,muranga
774,-0.7060047162403231,36.75453197343587,0,Non-cropland,False,muranga
775,-0.9812579990218353,37.02992244112469,1,Cropland,False,muranga
776,-0.8046521425313011,37.039606013393126,1,Cropland,False,muranga
777,-0.7067353795790121,37.21845037589803,0,Non-cropland,False,muranga
778,-0.7570029168377579,37.14789990294843,1,Cropland,False,muranga
779,0.8461859553121543,34.53806270003385,1,Cropland,False,bungoma
780,-0.8218759398824719,36.745917251110406,0,Non-cropland,False,muranga
781,0.874313195056488,34.64047520395548,0,Non-cropland,False,bungoma
782,0.7880317319747732,35.01095521504539,1,Cropland,False,bungoma
783,0.5475843973467833,34.6505414010096,1,Cropland,False,bungoma
784,0.6948976218247165,34.75923720425779,1,Cropland,False,bungoma
785,-0.8271207334953506,36.936599674087574,0,Non-cropland,False,muranga
786,0.7959008194658201,34.98777831569718,1,Cropland,False,bungoma
787,0.5474860088239772,34.4366556196559,0,Non-cropland,False,bungoma
788,0.8177029277863185,34.79705916969544,1,Cropland,False,bungoma
789,0.9730647673805961,34.67191691459303,0,Non-cropland,False,bungoma
790,-0.673524051824979,36.8662325478157,0,Non-cropland,False,muranga
791,-0.777481693848552,36.82122478138479,1,Cropland,False,muranga
792,-0.8703450033608355,36.88119481106931,1,Cropland,False,muranga
793,0.8063942695770723,34.49727924065565,0,Non-cropland,False,bungoma
794,0.8385019380943378,34.61954412518655,1,Cropland,False,bungoma
795,0.7468052575523779,34.66527158196045,1,Cropland,False,bungoma
796,-0.8306422433674506,37.07492741616159,0,Non-cropland,False,muranga
797,-0.7375876628746388,36.728173554765654,0,Non-cropland,False,muranga
798,-0.8519393560223733,37.015400467145376,1,Cropland,False,muranga
799,-0.8762129211709409,36.934177536757666,0,Non-cropland,False,muranga
